File Name,Lines
windows_constants.che,754
preload.che,691
string.che,617
math.che,573
fs.che,385
thread.che,340
printable.che,321
fmt.che,311
random.che,286
array.che,256
map.che,231
hash_table.che,221
windows_types.che,220
windows_functions.che,159
fiber.che,157
io.che,156
stack_allocator.che,151
profiling.che,151
rc.che,149
arena_allocator.che,129
heap.che,127
ring_queue.che,125
bump_allocator.che,121
iterator.che,112
file.che,112
mt.che,104
linux.che,82
unicode.che,79
process.che,65
c.che,53
counting_allocator.che,51
time.che,48
std.che,39
hash.che,36
box.che,33
allocator.che,32
posix.che,30
stack.che,30
stdio.che,27
util.che,20
std_heap_allocator.che,18
windows.che,7
windows_macros.che,4
alloca.che,1
Total,7614
